seed,payment_scale,caama_revenue,caama_ir_regret,caama_ex_post_ir_revenue
1,0.0,2.7964899330407382,0.0,2.7964899330407382
1,0.005,2.8021915476306676,1.4849365062691505e-06,2.802134015996664
1,0.01,2.8078931622205974,3.042967931862222e-06,2.807805962685807
1,0.015,2.813594776810527,4.6427351481252114e-06,2.8135059775085205
1,0.02,2.8192963914004565,6.242502364388202e-06,2.8192059923312343
1,0.025,2.8249980059903863,7.857010517109303e-06,2.824836061466184
1,0.03,2.830699620580316,9.506571595178683e-06,2.8305360264950354
1,0.035,2.8364012351702454,1.1156132673248067e-05,2.8362359915238873
1,0.04,2.842102849760175,1.2805693751317451e-05,2.841935956552739
1,0.045,2.847804464350105,1.4459022051552892e-05,2.8476075444835365
1,0.05,2.853506078940035,1.6169590044446524e-05,2.853279176964474
1,0.055,2.859207693529964,1.7890115695467102e-05,2.8589790710287524
1,0.06,2.864909308119894,1.961064134648768e-05,2.864678965093031
1,0.065,2.8706109227098233,2.1337029244707085e-05,2.870350564918731
1,0.07,2.8763125372997527,2.308018862336758e-05,2.8760504363492823
1,0.075,2.8820141518896825,2.482334800202807e-05,2.8817503077798334
1,0.08,2.8877157664796123,2.6566507380688563e-05,2.8874501792103846
1,0.085,2.893417381069542,2.830966675934906e-05,2.8931500506409353
1,0.09,2.899118995659472,3.0052826138009547e-05,2.8988499220714865
1,0.095,2.904820610249401,3.1795985516670044e-05,2.9045497935020372
1,0.1,2.910522224839331,3.353914489533054e-05,2.9102496649325884
1,0.105,2.9162238394292608,3.529084641121153e-05,2.915921202272234
1,0.11,2.9219254540191906,3.705459564630291e-05,2.921592869411294
1,0.115,2.92762706860912,3.882222694122175e-05,2.9272927163699287
1,0.12,2.9333286831990497,4.060184550506528e-05,2.932963009351134
1,0.125,2.939030297788979,4.243422585459484e-05,2.9386627915607137
1,0.13,2.9447319123789084,4.4284967176528886e-05,2.94433361372436
1,0.135,2.9504335269688386,4.615427236507822e-05,2.9500333590091015
1,0.14,2.9561351415587684,4.802357755362755e-05,2.9557331042938424
1,0.145,2.961836756148698,4.989288274217688e-05,2.9614328495785833
1,0.15,2.9675383707386276,5.18090514121286e-05,2.9671029271646576
1,0.155,2.9732399853285574,5.3733946552252745e-05,2.9728026168594477
1,0.16,2.9789415999184867,5.568357887165621e-05,2.9784439594917087
1,0.165,2.9846432145084165,5.768181970833395e-05,2.984143575840802
1,0.17,2.9903448290983463,5.968518000285259e-05,2.9898135803079087
1,0.17500000000000002,2.9960464436882757,6.174263094253547e-05,2.9954553279509724
1,0.18,3.0017480582782055,6.384031714085722e-05,3.0011548448547045
1,0.185,3.0074496728681352,6.596558107093733e-05,3.0067912895611437
1,0.19,3.013151287458064,6.82222786518687e-05,3.0124906474534923
1,0.195,3.0188529020479944,7.047897623280005e-05,3.018190005345841
1,0.2,3.024554516637924,7.27356738137314e-05,3.0238893632381894
1,0.20500000000000002,3.0302561312278535,7.51693393209862e-05,3.0294948198343326
1,0.21,3.0359577458177833,7.76755194181169e-05,3.0351531575763735
1,0.215,3.041659360407713,8.020119256798353e-05,3.0408121539533663
1,0.22,3.0473609749976425,8.280950940557523e-05,3.046450592144126
1,0.225,3.0530625895875723,8.548283892167092e-05,3.052149533404539
1,0.23,3.058764204177502,8.815616843776661e-05,3.0578484746649526
1,0.23500000000000001,3.0644658187674314,9.082949795386231e-05,3.0635474159253664
1,0.24,3.070167433357361,9.353157836641183e-05,3.0691488645409932
1,0.245,3.075869047947291,9.65114870029647e-05,3.0747506481416296
1,0.25,3.0815706625372203,9.952940003786353e-05,3.080449244818525
1,0.255,3.08727227712715,0.00010267412011422858,3.0859426962127263
1,0.26,3.09297389171708,0.0001060221494732541,3.0916018894788952
1,0.265,3.0986755063070093,0.00010951531457023523,3.097264825882567
1,0.27,3.104377120896939,0.00011316237867003656,3.10277126658118
1,0.275,3.110078735486869,0.00011704116961183901,3.108321788074767
1,0.28,3.1157803500767987,0.000121108219186659,3.113924493458354
1,0.28500000000000003,3.121481964666728,0.0001252394602258137,3.1196219768072444
1,0.29,3.127183579256658,0.00012940882333219633,3.1251558432645035
1,0.295,3.132885193846587,0.00013369109825805934,3.1308531755795066
1,0.3,3.138586808436517,0.00013797337318392238,3.1365505078945106
1,0.305,3.1442884230264467,0.0001422762495746865,3.142089120137291
1,0.31,3.1499900376163765,0.00014686541092066908,3.147786145565875
1,0.315,3.155691652206306,0.00015145457226665166,3.1534831709944586
1,0.32,3.1613932667962357,0.00015620699597988276,3.1591125069095973
1,0.325,3.167094881386165,0.00016102312776936743,3.1647474465766243
1,0.33,3.172796495976095,0.00016588575487726487,3.170444198539446
1,0.335,3.1784981105660246,0.00017088129658046823,3.176072892352044
1,0.34,3.184199725155954,0.00017592473805142802,3.1817084310026194
1,0.34500000000000003,3.1899013397458837,0.00018117680266716346,3.1872194812091315
1,0.35000000000000003,3.1956029543358135,0.00018654867997262048,3.1928860738206897
1,0.355,3.201304568925743,0.0001919417723481165,3.198582295318244
1,0.36,3.2070061835156722,0.0001974371292471187,3.204240811110394
1,0.365,3.2127077981056025,0.0002030927811333822,3.2098009399470664
1,0.37,3.2184094126955323,0.0002088177481551247,3.2154968295699744
1,0.375,3.2241110272854616,0.00021454872346475895,3.221164107264518
1,0.38,3.229812641875391,0.00022051413944008526,3.226600864617565
1,0.385,3.2355142564653208,0.00022660653938581525,3.2322963868075485
1,0.39,3.24121587105525,0.0002327841115377087,3.23792494383761
1,0.395,3.246917485645181,0.00023903808241801746,3.2435270588192426
1,0.4,3.2526191002351097,0.00024562586726737214,3.2490019257747984
1,0.405,3.2583207148250395,0.0002525603421530832,3.254528601448581
1,0.41000000000000003,3.2640223294149693,0.0002598618323875417,3.259927666719315
1,0.41500000000000004,3.2697239440048986,0.00026724039826639645,3.2655602942619595
1,0.42,3.2754255585948284,0.00027470313660270766,3.2711787776832244
1,0.425,3.2811271731847578,0.00028266127946561024,3.276641544988731
1,0.43,3.286828787774688,0.00029082027320269843,3.2822378678663613
1,0.435,3.292530402364617,0.0002990278871190822,3.287931274842374
1,0.44,3.2982320169545476,0.000307330942376866,3.293486505347988
1,0.445,3.3039336315444765,0.0003158360161787277,3.2991796148641157
1,0.45,3.3096352461344067,0.00032461106944261706,3.3045887688328066
1,0.455,3.315336860724336,0.000333821539704848,3.3101170850757966
1,0.46,3.321038475314265,0.00034336502109881263,3.3156800147701664
1,0.465,3.3267400899041952,0.00035338323943848084,3.321129097967938
1,0.47000000000000003,3.332441704494125,0.0003637588667710952,3.3266149339244584
1,0.47500000000000003,3.3381433190840544,0.00037440031351543447,3.3322022986352313
1,0.48,3.3438449336739837,0.00038520960093429307,3.337675423778531
1,0.485,3.3495465482639135,0.00039653654075438676,3.343125682725428
1,0.49,3.355248162853843,0.0004083089262312569,3.3485489131690267
1,0.495,3.360949777443773,0.0004208227765539632,3.3538244215909327
1,0.5,3.366651392033703,0.00043369362268276746,3.359400947297486
1,0.505,3.3723530066236322,0.00044680457428407686,3.3650551264388295
1,0.51,3.3780546212135625,0.00046014284452990974,3.3705436031374085
1,0.515,3.383756235803492,0.0004738320833489853,3.3759486530519744
1,0.52,3.3894578503934216,0.00048798326382006057,3.3814583802386893
1,0.525,3.395159464983351,0.0005025695634357545,3.3869771419912182
1,0.53,3.4008610795732808,0.0005175208402100545,3.3924584407820353
1,0.535,3.40656269416321,0.0005327288721985389,3.397957241321195
1,0.54,3.4122643087531395,0.0005481943676384982,3.4035757189796123
1,0.545,3.4179659233430693,0.0005637335737444957,3.4091305877228355
1,0.55,3.4236675379329986,0.0005800535207374197,3.4142441004205435
1,0.555,3.429369152522929,0.0005970626871157294,3.4196095076290867
1,0.56,3.4350707671128586,0.0006148078732842115,3.425140342059704
1,0.5650000000000001,3.440772381702789,0.0006330634569390825,3.430338737097582
1,0.5700000000000001,3.4464739962927182,0.0006526170218561604,3.435513563006828
1,0.5750000000000001,3.4521756108826476,0.0006730633082548596,3.440714127338282
1,0.58,3.4578772254725774,0.0006940354502692934,3.446394769786197
1,0.585,3.4635788400625067,0.0007152125611683148,3.451925644989818
1,0.59,3.4692804546524365,0.0007365721873010915,3.4574550849942076
1,0.595,3.474982069242366,0.0007584744808954273,3.462838085461239
1,0.6,3.480683683832295,0.0007811634213215437,3.4680957909601524
1,0.605,3.486385298422225,0.0008044933046192309,3.4732741513646834
1,0.61,3.4920869130121552,0.0008294555145645571,3.4782522662429742
1,0.615,3.497788527602084,0.0008556761638859024,3.483367360194002
1,0.62,3.503490142192015,0.0008826396122788427,3.4889266875774134
1,0.625,3.5091917567819437,0.0009098501357675559,3.494519632848783
1,0.63,3.514893371371873,0.0009374586513009563,3.4997149960422633
1,0.635,3.5205949859618033,0.0009659034796797061,3.504731580116416
1,0.64,3.526296600551733,0.0009953974586445838,3.5103312175931105
1,0.645,3.5319982151416625,0.0010250510106764414,3.5156118572669626
1,0.65,3.5376998297315922,0.0010554321832205462,3.5207445916091746
1,0.655,3.5434014443215216,0.0010874328173308605,3.525739639108318
1,0.66,3.549103058911451,0.0011199351622434917,3.5311472474423162
1,0.665,3.554804673501381,0.001152777606431235,3.5367032569103887
1,0.67,3.560506288091311,0.0011863318022886237,3.5418764904869486
1,0.675,3.5662079026812394,0.0012209204775638503,3.547011223937228
1,0.68,3.5719095172711697,0.0012563548028619264,3.55215024769985
1,0.685,3.5776111318611004,0.0012927593884113162,3.5572868208195416
1,0.6900000000000001,3.5833127464510297,0.0013304138059650145,3.5623756113570986
1,0.6950000000000001,3.589014361040959,0.0013689402547119392,3.567608313783512
1,0.7000000000000001,3.594715975630889,0.0014089182452924438,3.572227128856334
1,0.705,3.600417590220818,0.0014509192234267972,3.5769767074033125
1,0.71,3.6061192048107475,0.0014943386291849598,3.5817435815721264
1,0.715,3.6118208194006773,0.0015391720978603551,3.5866732206484784
1,0.72,3.6175224339906076,0.0015853163411451968,3.5914595072938464
1,0.725,3.6232240485805365,0.0016331351407161121,3.596025934384297
1,0.73,3.6289256631704667,0.0016828730380384074,3.600907315170432
1,0.735,3.634627277760396,0.0017339712238875656,3.605756126959158
1,0.74,3.6403288923503263,0.0017869016844940485,3.610560235948601
1,0.745,3.6460305069402557,0.0018414765032213906,3.6153338048590835
1,0.75,3.6517321215301854,0.001898436632859375,3.619404737999938
1,0.755,3.657433736120115,0.001957467929813647,3.6233752524258263
1,0.76,3.6631353507100446,0.0020198034699655844,3.6279683918181065
1,0.765,3.668836965299974,0.002083843310439392,3.632717945867346
1,0.77,3.6745385798899033,0.002150525406457862,3.6372490721457327
1,0.775,3.680240194479833,0.002218613103784083,3.642406012034867
1,0.78,3.6859418090697624,0.0022879679856695587,3.6472295465795703
1,0.785,3.6916434236596922,0.002358655613974159,3.651954257152254
1,0.79,3.697345038249623,0.0024324722603209963,3.655694531718896
1,0.795,3.7030466528395527,0.0025088823722288806,3.6599266364388883
1,0.8,3.708748267429481,0.0025881073492788715,3.664363051528343
1,0.805,3.7144498820194114,0.0026696563208759914,3.668549264137332
1,0.81,3.720151496609341,0.0027533200475522617,3.673525091232851
1,0.8150000000000001,3.7258531111992705,0.0028392854865105337,3.677559185908397
1,0.8200000000000001,3.7315547257892003,0.0029286635659509933,3.6812573131411597
1,0.8250000000000001,3.7372563403791297,0.0030212236477272394,3.6853813055716715
1,0.8300000000000001,3.742957954969059,0.0031164268164733384,3.689568545307876
1,0.835,3.748659569558989,0.0032142601658465423,3.6934445491984835
1,0.84,3.754361184148919,0.0033153370766887667,3.697560254429803
1,0.845,3.7600627987388484,0.0034182564822450657,3.7022153529113626
1,0.85,3.7657644133287786,0.003523991441719844,3.705379122315663
1,0.855,3.7714660279187076,0.0036355130336467845,3.7079816468219686
1,0.86,3.777167642508638,0.0037511954862612185,3.7122333146272277
1,0.865,3.782869257098567,0.0038696917463910793,3.7163545066517334
1,0.87,3.788570871688497,0.003991556679160072,3.720322385942559
1,0.875,3.7942724862784263,0.004116868253404027,3.723836004475909
1,0.88,3.799974100868356,0.004245822834538994,3.7275449426163076
1,0.885,3.8056757154582854,0.004378735864547794,3.7305917345042072
1,0.89,3.8113773300482148,0.004516848500818742,3.7322216294845756
1,0.895,3.817078944638145,0.004660811599932422,3.7358818167030114
1,0.9,3.822780559228074,0.0048097364769715935,3.7388537692304236
1,0.905,3.8284821738180037,0.004962109435764913,3.742917682196184
1,0.91,3.834183788407934,0.005117750268150908,3.746537161444746
1,0.915,3.8398854029978633,0.005277373752239961,3.7499389545463413
1,0.92,3.8455870175877935,0.005441952677260038,3.752638318809154
1,0.925,3.8512886321777224,0.005610319963356379,3.7559730514309324
1,0.93,3.8569902467676527,0.005783164448381316,3.75942081962825
1,0.935,3.862691861357582,0.005961225481700081,3.7618463301811826
1,0.9400000000000001,3.868393475947512,0.006145521534047033,3.7642257495941434
1,0.9450000000000001,3.874095090537441,0.006334388820702168,3.767596680120427
1,0.9500000000000001,3.8797967051273714,0.006527956913349192,3.770323014616147
1,0.9550000000000001,3.8854983197173003,0.006728028769243497,3.7720992016415833
1,0.96,3.8911999343072297,0.006932777024808338,3.7752002346237394
1,0.965,3.89690154889716,0.007142248678402989,3.7781539651947575
1,0.97,3.9026031634870897,0.007356795967177515,3.7809255864320366
1,0.975,3.90830477807702,0.007577099146738689,3.782684714638708
1,0.98,3.9140063926669484,0.007803347508131584,3.785189018701746
1,0.985,3.9197080072568786,0.008034563785730002,3.788732131450131
1,0.99,3.9254096218468084,0.008271019408238206,3.790714132890106
1,0.995,3.9311112364367378,0.008514526665249942,3.792500937302444
1,1.0,3.9368128510266676,0.008764124991747667,3.794357500771443
7,0.0,2.7964899330407382,0.0,2.7964899330407382
7,0.005,2.802402968533854,2.0136479200737087e-06,2.8023449081884366
7,0.01,2.80831600402697,4.073993099096697e-06,2.8082558833363733
7,0.015,2.8142290395200855,6.176043763553025e-06,2.8141387069094637
7,0.02,2.8201420750132016,8.33502570760902e-06,2.8199796524738088
7,0.025,2.8260551105063176,1.0516480852820678e-05,2.82589050651178
7,0.03,2.8319681459994337,1.2697935998032333e-05,2.83180136054975
7,0.035,2.8378811814925493,1.4900262141745774e-05,2.837683922175723
7,0.04,2.843794216985665,1.7123490412486718e-05,2.8435947344405683
7,0.045,2.8497072524787814,1.938383548645652e-05,2.849477136257778
7,0.05,2.855620287971897,2.1652669036702722e-05,2.8553879029173443
7,0.055,2.8615333234650135,2.392150258694892e-05,2.86129866957691
7,0.06,2.867446358958129,2.6214890821953306e-05,2.8671147966067987
7,0.065,2.8733593944512448,2.8556551111600124e-05,2.873025490439625
7,0.07,2.879272429944361,3.089821140124695e-05,2.8789361842724515
7,0.075,2.885185465437477,3.3239871690893774e-05,2.8848468781052774
7,0.08,2.891098500930593,3.5605552652385086e-05,2.8907289686018887
7,0.085,2.8970115364237086,3.798492144802004e-05,2.896639624726209
7,0.09,2.9029245719168246,4.036429024365498e-05,2.9025502808505292
7,0.095,2.9088376074099402,4.2743659039289925e-05,2.9084609369748495
7,0.1,2.914750642903056,4.512302783492487e-05,2.91437159309917
7,0.105,2.9206636783961724,4.7514061952446346e-05,2.920253840132159
7,0.11,2.926576713889288,4.994633971998701e-05,2.926135739389711
7,0.115,2.9324897493824045,5.2389550638996296e-05,2.932018043295577
7,0.12,2.9384027848755196,5.488073290721514e-05,2.937899045616264
7,0.125,2.9443158203686357,5.739226752411923e-05,2.943809569574763
7,0.13,2.9502288558617518,5.991662706754869e-05,2.9496914345044596
7,0.135,2.9561418913548674,6.245350894148578e-05,2.9556019331157013
7,0.14,2.962054926847984,6.499039081542288e-05,2.9615124317269435
7,0.145,2.9679679623410995,6.752727268935996e-05,2.967422930338185
7,0.15,2.9738809978342156,7.006684729625703e-05,2.9732846751736783
7,0.155,2.979794033327331,7.26858034193574e-05,2.979126397581085
7,0.16,2.985707068820447,7.539149131160229e-05,2.9850071399029026
7,0.165,2.9916201043135633,7.811557052246645e-05,2.9908879751212334
7,0.17,2.997533139806679,8.08682610357064e-05,2.996798257923836
7,0.17500000000000002,3.003446175299795,8.37265200733964e-05,3.002634734300752
7,0.18,3.0093592107929106,8.665208380424883e-05,3.008544844230137
7,0.185,3.0152722462860266,8.960652907376061e-05,3.014425318515455
7,0.19,3.0211852817791427,9.264429439470405e-05,3.020190730109293
7,0.195,3.0270983172722583,9.573268088992337e-05,3.026100677215914
7,0.2,3.033011352765375,9.890899414545858e-05,3.0319448736183503
7,0.20500000000000002,3.0389243882584904,0.00010232149040544756,3.0376000894865145
7,0.21,3.0448374237516065,0.00010595902911288431,3.043476373511294
7,0.215,3.050750459244722,0.0001096598108592734,3.049385708222663
7,0.22,3.056663494737838,0.00011336059260566254,3.0552950429340324
7,0.225,3.062576530230954,0.00011706137435205166,3.0612043776454017
7,0.23,3.06848956572407,0.0001207621560984408,3.0671137123567718
7,0.23500000000000001,3.074402601217186,0.00012446293784482986,3.0730230470681414
7,0.24,3.0803156367103015,0.00012840104192169384,3.0788346805632902
7,0.245,3.0862286722034176,0.00013242667838474152,3.084706052548439
7,0.25,3.0921417076965336,0.0001364735349357943,3.090615041185004
7,0.255,3.0980547431896497,0.00014060963819202154,3.096460282420853
7,0.26,3.1039677786827653,0.000144813050052966,3.102340062226688
7,0.265,3.109880814175881,0.00014914712364735898,3.108213578625048
7,0.27,3.115793849668997,0.0001535803548433469,3.113967077987297
7,0.275,3.121706885162113,0.00015823046440506004,3.119774225662521
7,0.28,3.127619920655229,0.00016309831811604094,3.1255522466822487
7,0.28500000000000003,3.133532956148345,0.0001683109835291689,3.1313963727500123
7,0.29,3.1394459916414608,0.00017355893395323073,3.1373041602927043
7,0.295,3.145359027134577,0.000178914660926006,3.143092753393932
7,0.3,3.1512720626276924,0.00018428455102781298,3.1490004189969465
7,0.305,3.157185098120809,0.00018965444112961993,3.1549080845999606
7,0.31,3.1630981336139246,0.0001950243312314269,3.1608157502029743
7,0.315,3.1690111691070406,0.0002003942213332339,3.166723415805989
7,0.32,3.1749242046001562,0.00020597094843350354,3.1724395567037713
7,0.325,3.1808372400932723,0.00021181672318241912,3.1781729408604766
7,0.33,3.1867502755863883,0.0002178174652393791,3.184079975611535
7,0.335,3.192663311079504,0.00022388490198811635,3.189862895232215
7,0.34,3.19857634657262,0.00023012623347004412,3.195694728053421
7,0.34500000000000003,3.2044893820657356,0.0002365174720268406,3.201505998370493
7,0.35000000000000003,3.2104024175588513,0.00024339685897488384,3.2072387237954323
7,0.355,3.2163154530519678,0.00025033552831891576,3.2130767662918354
7,0.36,3.2222284885450834,0.00025743615000206046,3.21895136970458
7,0.365,3.2281415240382,0.0002647062056179566,3.2247543198507946
7,0.37,3.2340545595313155,0.0002722426630909904,3.2304927251058007
7,0.375,3.239967595024431,0.0002800481107267842,3.236166042657575
7,0.38,3.245880630517547,0.0002879350622083293,3.2420711911992095
7,0.385,3.2517936660106628,0.00029587195344149954,3.2479351502699565
7,0.39,3.2577067015037793,0.0003039853131885757,3.2536987075845145
7,0.395,3.263619736996895,0.0003123124941567949,3.2595418074152547
7,0.4,3.269532772490011,0.00032067997646285224,3.2653493427075015
7,0.405,3.2754458079831266,0.00032920391082865536,3.2712197138343706
7,0.41000000000000003,3.281358843476242,0.0003379374625856872,3.27692316395383
7,0.41500000000000004,3.2872718789693587,0.0003468456668819127,3.2827882836713105
7,0.42,3.293184914462475,0.0003559119259769795,3.288626186592541
7,0.425,3.299097949955591,0.00036504947548310156,3.2945300845361505
7,0.43,3.3050109854487064,0.00037425946722278606,3.3003582416071993
7,0.435,3.3109240209418216,0.000383634288089961,3.3062009263463725
7,0.44,3.316837056434938,0.00039315397436567585,3.312006236610648
7,0.445,3.3227500919280537,0.0004027530626774242,3.317849475077964
7,0.45,3.32866312742117,0.00041242785142123466,3.323619463207291
7,0.455,3.334576162914286,0.0004221732982341492,3.329362092152253
7,0.46,3.3404891984074014,0.0004322635339262197,3.3350885027301453
7,0.465,3.346402233900517,0.0004427465210065421,3.340753363488038
7,0.47000000000000003,3.352315269393634,0.0004535942275261624,3.3462956424911985
7,0.47500000000000003,3.3582283048867496,0.00046485421822071657,3.352161385400369
7,0.48,3.3641413403798652,0.0004761731957131997,3.3580011831447263
7,0.485,3.370054375872981,0.000487552281695971,3.3639028395518586
7,0.49,3.375967411366097,0.0004993356961889076,3.369395516644025
7,0.495,3.3818804468592134,0.0005116432015530591,3.374837972416052
7,0.5,3.387793482352329,0.0005249726577283582,3.3801408075239903
7,0.505,3.3937065178454446,0.0005393447966444946,3.385995723771995
7,0.51,3.399619553338561,0.0005538638323327178,3.391623253064449
7,0.515,3.405532588831677,0.000569052183288295,3.3972326002194837
7,0.52,3.411445624324793,0.0005850783636101986,3.402765934623402
7,0.525,3.4173586598179084,0.000601538609184645,3.4084502017442553
7,0.53,3.423271695311024,0.0006186069386032761,3.4139607517386197
7,0.535,3.429184730804141,0.0006361505275047677,3.41964253116515
7,0.54,3.4350977662972566,0.0006540939639435384,3.4253594995629317
7,0.545,3.441010801790372,0.0006728277366410186,3.4307911940128717
7,0.55,3.446923837283488,0.0006922738415424829,3.4363785574366585
7,0.555,3.4528368727766043,0.000712452934808942,3.4419253941273977
7,0.56,3.45874990826972,0.0007331187125765721,3.4476763360218246
7,0.5650000000000001,3.464662943762836,0.0007540585582788047,3.453019360089067
7,0.5700000000000001,3.4705759792559516,0.0007764411858689858,3.4584946993858816
7,0.5750000000000001,3.4764890147490672,0.0007996259717440992,3.463956497325011
7,0.58,3.4824020502421837,0.0008235617168144088,3.4692979245986724
7,0.585,3.4883150857353002,0.000848475520664331,3.4748981629406654
7,0.59,3.494228121228416,0.0008738329031188622,3.4805141386037923
7,0.595,3.5001411567215315,0.000899906712692842,3.4861687812661106
7,0.6,3.506054192214647,0.0009264853332855272,3.4916796442588143
7,0.605,3.511967227707763,0.000953454228183109,3.4974935702348935
7,0.61,3.5178802632008797,0.0009810948275890549,3.5027040256273185
7,0.615,3.5237932986939953,0.0010111337922951496,3.507417306664791
7,0.62,3.529706334187111,0.0010426111147418852,3.513148720005114
7,0.625,3.5356193696802265,0.0010748842577675533,3.5183269506181154
7,0.63,3.5415324051733426,0.001108531928627577,3.523612170292926
7,0.635,3.547445440666459,0.0011430997882088704,3.5289461120289576
7,0.64,3.5533584761595747,0.00117840157706663,3.5347413623819857
7,0.645,3.5592715116526903,0.0012140770602026897,3.540143275142553
7,0.65,3.565184547145807,0.0012508797912832235,3.5452174721556293
7,0.655,3.571097582638922,0.0012889688974207095,3.5506359620005927
7,0.66,3.5770106181320385,0.001328419350514538,3.555699193052206
7,0.665,3.582923653625154,0.0013687599963592078,3.5609679759035893
7,0.67,3.5888366891182697,0.001410809142075072,3.5658738153696468
7,0.675,3.5947497246113853,0.0014547346077674597,3.5708038263802853
7,0.68,3.6006627601045023,0.0015003796912289695,3.576063578928569
7,0.685,3.606575795597618,0.001546997446489841,3.581331066033356
7,0.6900000000000001,3.6124888310907335,0.0015947664907257429,3.5864439969487356
7,0.6950000000000001,3.618401866583849,0.0016432773852912074,3.5921551355743095
7,0.7000000000000001,3.6243149020769656,0.0016924580846383477,3.597679581338595
7,0.705,3.630227937570081,0.0017421508636797953,3.6029280177028906
7,0.71,3.6361409730631973,0.0017932215173899308,3.608472553005716
7,0.715,3.642054008556313,0.001845148537186818,3.6138666078987502
7,0.72,3.6479670440494285,0.0018978703681877811,3.6192397789860786
7,0.725,3.653880079542544,0.0019522625222253552,3.62387211818745
7,0.73,3.6597931150356615,0.002008714215253188,3.6290037739571663
7,0.735,3.665706150528777,0.0020675563580917953,3.6336040998272847
7,0.74,3.6716191860218927,0.0021285479569620215,3.638170403098653
7,0.745,3.677532221515008,0.0021924464957336605,3.641911278116093
7,0.75,3.6834452570081244,0.002260640010832867,3.64608719274347
7,0.755,3.689358292501241,0.002332940400809661,3.649410921657979
7,0.76,3.6952713279943565,0.0024084644794336056,3.6542974427263966
7,0.765,3.701184363487472,0.0024851554445927907,3.659400265620013
7,0.77,3.7070973989805878,0.002564200993073115,3.663843215996462
7,0.775,3.7130104344737047,0.0026457445573744194,3.6681686148762274
7,0.78,3.7189234699668203,0.0027310138576232133,3.6718189798393555
7,0.785,3.724836505459936,0.0028193830786030455,3.676177639197711
7,0.79,3.7307495409530516,0.0029104561879991675,3.6811806434956544
7,0.795,3.7366625764461676,0.00300419320597002,3.684635340680574
7,0.8,3.7425756119392832,0.003101704949191772,3.6888493124149244
7,0.805,3.7484886474323997,0.003201227959233657,3.694068229787583
7,0.81,3.7544016829255153,0.0033037894956913674,3.6973994137267554
7,0.8150000000000001,3.760314718418631,0.003411493296902657,3.701227556151978
7,0.8200000000000001,3.7662277539117466,0.0035225914726037316,3.7048208765004036
7,0.8250000000000001,3.7721407894048635,0.0036381658494628226,3.7084733978781483
7,0.8300000000000001,3.778053824897979,0.0037577819066653625,3.712426571950946
7,0.835,3.7839668603910948,0.0038802497278576766,3.7167111796233083
7,0.84,3.7898798958842104,0.004007261785531183,3.719144985402376
7,0.845,3.795792931377327,0.00414089397612409,3.722524394748811
7,0.85,3.8017059668704425,0.004278213901797716,3.7266390090107677
7,0.855,3.8076190023635585,0.004420640543072281,3.7289385193621194
7,0.86,3.813532037856674,0.004569146351168979,3.7306880297197362
7,0.865,3.8194450733497898,0.004723898417300981,3.7342944860289196
7,0.87,3.825358108842907,0.004882547539908263,3.737389701110222
7,0.875,3.8312711443360223,0.005045998114869144,3.740893670155636
7,0.88,3.837184179829138,0.0052153801789251155,3.7435824269945837
7,0.885,3.8430972153222545,0.0053898865076683865,3.7463520946356845
7,0.89,3.84901025081537,0.005569373741065327,3.7499040456536443
7,0.895,3.8549232863084857,0.0057521479951828085,3.754508667763958
7,0.9,3.860836321801602,0.0059379570257494935,3.7577954927737274
7,0.905,3.866749357294718,0.006129399163860566,3.7604535214526855
7,0.91,3.8726623927878334,0.006326310846063833,3.7627122131395794
7,0.915,3.878575428280949,0.006529864175971047,3.765453992222612
7,0.92,3.884488463774066,0.006738125058385778,3.7687358220133858
7,0.925,3.8904014992671816,0.0069510821780665736,3.7716502906736236
7,0.93,3.896314534760297,0.007168864071595426,3.774659588867975
7,0.935,3.902227570253413,0.007391415756623059,3.7771720243812807
7,0.9400000000000001,3.908140605746529,0.007619691091122691,3.7794920928145235
7,0.9450000000000001,3.9140536412396454,0.007853922142962431,3.782347863270305
7,0.9500000000000001,3.919966676732761,0.008096891042860519,3.782528760194371
7,0.9550000000000001,3.9258797122258766,0.008348387379067169,3.78372696445412
7,0.96,3.931792747718993,0.00860752461871691,3.786433187369198
7,0.965,3.937705783212108,0.008871376348288582,3.78994538003422
7,0.97,3.943618818705225,0.009139204483637295,3.79258020790173
7,0.975,3.9495318541983404,0.009413107612365417,3.795343165315518
7,0.98,3.955444889691456,0.009690935355739085,3.799523341503409
7,0.985,3.9613579251845716,0.009972817717057856,3.8012985789934217
7,0.99,3.967270960677688,0.010263335980393981,3.8026651559706597
7,0.995,3.973183996170804,0.010560590612997212,3.8048923793911293
7,1.0,3.97909703166392,0.01086395563405822,3.8065120305298215
19,0.0,2.7964899330407382,0.0,2.7964899330407382
19,0.005,2.802060360264974,1.104135816669441e-06,2.802059256129157
19,0.01,2.807630787489209,2.2316876011609566e-06,2.8075725091041104
19,0.015,2.813201214713444,3.3708800312160746e-06,2.813141797135916
19,0.02,2.81877164193768,4.546539283299353e-06,2.818682938831538
19,0.025,2.8243420691619154,5.722315729290131e-06,2.824252190279328
19,0.03,2.8299124963861506,6.898092175280908e-06,2.829821441727117
19,0.035,2.8354829236103862,8.179932121318417e-06,2.8352640112927485
19,0.04,2.8410533508346214,9.496446205186657e-06,2.8408331220029
19,0.045,2.846623778058857,1.08129602890549e-05,2.846402232713052
19,0.05,2.852194205283092,1.212947437292314e-05,2.851971343423203
19,0.055,2.857764632507328,1.3445988456791382e-05,2.8575404541333547
19,0.06,2.863335059731563,1.4762502540659623e-05,2.863109564843506
19,0.065,2.8689054869557986,1.6079016624527868e-05,2.868678675553658
19,0.07,2.8744759141800342,1.7395530708396112e-05,2.8742477862638096
19,0.075,2.8800463414042694,1.8727299306556233e-05,2.879788593343115
19,0.08,2.8856167686285046,2.006405543885194e-05,2.8853576838112187
19,0.085,2.89118719585274,2.1400811571147642e-05,2.8909267742793214
19,0.09,2.896757623076976,2.2737567703443346e-05,2.896495864747425
19,0.095,2.902328050301211,2.4145321237811003e-05,2.9020353422279648
19,0.1,2.9078984775254466,2.5566971446096432e-05,2.907604347801992
19,0.105,2.913468904749682,2.698862165438186e-05,2.913173353376019
19,0.11,2.9190393319739174,2.841027186266728e-05,2.918742358950046
19,0.115,2.924609759198153,2.9831922070952723e-05,2.9243113645240735
19,0.12,2.930180186422388,3.125357227923814e-05,2.9298803700981004
19,0.125,2.935750613646624,3.267522248752357e-05,2.935449375672128
19,0.13,2.941321040870859,3.4096872695808996e-05,2.941018381246155
19,0.135,2.946891468095094,3.551852290409443e-05,2.9465873868201817
19,0.14,2.95246189531933,3.694017311237986e-05,2.952156392394209
19,0.145,2.9580323225435654,3.838688744632236e-05,2.957639338230658
19,0.15,2.9636027497678006,3.989045742157031e-05,2.9631794157551434
19,0.155,2.969173176992036,4.14068100561999e-05,2.9687483266267436
19,0.16,2.9747436042162714,4.293098401231692e-05,2.97428865036148
19,0.165,2.980314031440507,4.4465684670241904e-05,2.9798575428850578
19,0.17,2.9858844586647426,4.600038532816689e-05,2.9854264354086353
19,0.17500000000000002,2.991454885888978,4.75557090255461e-05,2.990966603351377
19,0.18,2.997025313113213,4.91369179249159e-05,2.996496376072312
19,0.185,3.0025957403374486,5.0833066048260664e-05,3.002032176959053
19,0.19,3.008166167561684,5.257026424809009e-05,3.0076008669850887
19,0.195,3.0137365947859194,5.430746244791953e-05,3.0131695570111243
19,0.2,3.019307022010155,5.604466064774898e-05,3.01873824703716
19,0.20500000000000002,3.02487744923439,5.7781858847578404e-05,3.024306937063195
19,0.21,3.030447876458626,5.951905704740783e-05,3.029875627089231
19,0.215,3.036018303682861,6.125625524723728e-05,3.0354443171152665
19,0.22,3.0415887309070966,6.299717970221535e-05,3.0409467138888227
19,0.225,3.0471591581313318,6.475229899682745e-05,3.0464574536824673
19,0.23,3.0527295853555674,6.654455888437224e-05,3.0520260886468145
19,0.23500000000000001,3.058300012579803,6.834819523479383e-05,3.0575046061855202
19,0.24,3.063870439804038,7.027061310713179e-05,3.063073110991883
19,0.245,3.0694408670282733,7.219303097946977e-05,3.0686416157982457
19,0.25,3.075011294252509,7.411544885180774e-05,3.0742101206046093
19,0.255,3.080581721476745,7.603786672414572e-05,3.079778625410973
19,0.26,3.0861521487009798,7.818514109234093e-05,3.085249441466949
19,0.265,3.0917225759252154,8.046649074454035e-05,3.0907236236976243
19,0.27,3.0972930031494506,8.295780558107074e-05,3.0962573295684988
19,0.275,3.1028634303736866,8.545333250462137e-05,3.1017963195808496
19,0.28,3.1084338575979213,8.797585704282394e-05,3.107306414784621
19,0.28500000000000003,3.1140042848221574,9.057269602628369e-05,3.112770101967568
19,0.29,3.119574712046392,9.32933031307475e-05,3.118302623563537
19,0.295,3.125145139270628,9.610373540346336e-05,3.123809207857617
19,0.3,3.1307155664948634,9.89727237113402e-05,3.1293471786101383
19,0.305,3.1362859937190986,0.00010187180298827296,3.134851048601086
19,0.31,3.1418564209433337,0.0001049227104797319,3.1403202582345138
19,0.315,3.1474268481675693,0.00010809422760481539,3.145887513941624
19,0.32,3.1529972753918054,0.00011135373501386496,3.1514170782175697
19,0.325,3.15856770261604,0.00011467668074903487,3.15698418249607
19,0.33,3.1641381298402758,0.00011799962648420478,3.1625512867745704
19,0.335,3.169708557064511,0.00012132257221937471,3.1681183910530706
19,0.34,3.175278984288747,0.0001247400277349516,3.1735557898064704
19,0.34500000000000003,3.1808494115129817,0.00012826392282608144,3.1791226931356147
19,0.35000000000000003,3.186419838737218,0.0001317922794738843,3.1846284481042386
19,0.355,3.191990265961453,0.00013552966268746237,3.1900937943880217
19,0.36,3.1975606931856886,0.00013953259747184348,3.195441419312906
19,0.365,3.2031311204099233,0.00014368609250114243,3.2009753722178464
19,0.37,3.2087015476341594,0.00014788564981365926,3.206510663491628
19,0.375,3.2142719748583946,0.00015218525617856357,3.2120155139405093
19,0.38,3.21984240208263,0.00015648556334507883,3.217581640857578
19,0.385,3.225412829306866,0.00016103667878596755,3.222882630971581
19,0.39,3.230983256531101,0.0001657699065481138,3.228348354976012
19,0.395,3.236553683755336,0.00017068974849117512,3.2337504214423625
19,0.4,3.2421241109795718,0.0001757579502265435,3.239211988754128
19,0.405,3.2476945382038074,0.00018095290039338584,3.244744131393421
19,0.41000000000000003,3.2532649654280426,0.00018617821698097397,3.2502681937699327
19,0.41500000000000004,3.2588353926522777,0.000191583746818782,3.255760706819273
19,0.42,3.2644058198765133,0.00019718686320789854,3.2611733202504487
19,0.425,3.269976247100749,0.00020314340054748751,3.266644522280614
19,0.43,3.2755466743249837,0.0002092777157734672,3.272095672794604
19,0.435,3.281117101549219,0.00021547557276942823,3.277573537570721
19,0.44,3.2866875287734554,0.00022184087354748048,3.2830028289041118
19,0.445,3.2922579559976906,0.0002284805186934391,3.2882688209729096
19,0.45,3.2978283832219253,0.00023550332069033176,3.2935953318157845
19,0.455,3.303398810446162,0.00024284857074714097,3.2991198999089955
19,0.46,3.308969237670396,0.00025031326141167665,3.3045264570860398
19,0.465,3.314539664894632,0.0002579154224649974,3.3100529251815343
19,0.47000000000000003,3.3201100921188678,0.00026563064896970175,3.3154873120805117
19,0.47500000000000003,3.325680519343103,0.00027345181654651245,3.3210499181371707
19,0.48,3.3312509465673386,0.0002812729841233231,3.3266125241938287
19,0.485,3.3368213737915737,0.0002891992443597264,3.3320730582283926
19,0.49,3.3423918010158085,0.0002974008417110599,3.3374515173084305
19,0.495,3.347962228240045,0.00030581641627261706,3.34280532538905
19,0.5,3.35353265546428,0.00031474011351674563,3.3481314399456665
19,0.505,3.3591030826885153,0.00032389785614718864,3.3535207940868474
19,0.51,3.364673509912751,0.00033346997742066744,3.358934527152399
19,0.515,3.3702439371369866,0.0003431278751423961,3.364495296478913
19,0.52,3.3758143643612217,0.0003529005264084554,3.369923205005101
19,0.525,3.3813847915854574,0.00036284773159037294,3.3753401620820878
19,0.53,3.3869552188096925,0.0003732401598951256,3.380527781237068
19,0.535,3.392525646033928,0.0003845332252304798,3.3858407836331064
19,0.54,3.3980960732581638,0.000396386458146677,3.3909852390960595
19,0.545,3.403666500482399,0.0004086137929773396,3.3963322663689817
19,0.55,3.4092369277066346,0.0004213349653135811,3.4016167934143056
19,0.555,3.4148073549308697,0.0004345944038317686,3.4071015499131914
19,0.56,3.420377782155105,0.00044862761679501285,3.4121574614367853
19,0.5650000000000001,3.4259482093793405,0.00046333952501228506,3.4174796583400937
19,0.5700000000000001,3.431518636603576,0.00047878043081771483,3.4228570775937617
19,0.5750000000000001,3.4370890638278113,0.0004949530650949603,3.4281214651908885
19,0.58,3.442659491052047,0.0005116098814841243,3.4333915672565025
19,0.585,3.448229918276282,0.0005289378569563122,3.4386082899783132
19,0.59,3.4538003455005177,0.0005466483301563712,3.4440148084029993
19,0.595,3.459370772724753,0.0005648479559518309,3.449339079614039
19,0.6,3.4649411999489885,0.0005833738273830386,3.4547023507882724
19,0.605,3.4705116271732237,0.0006020511024201841,3.4602541007374703
19,0.61,3.4760820543974593,0.0006208399990457982,3.4655389160176813
19,0.615,3.4816524816216945,0.0006403962044989021,3.470559587842509
19,0.62,3.4872229088459297,0.000661069532341382,3.4755395362956145
19,0.625,3.492793336070166,0.0006828030849963398,3.4806014497528857
19,0.63,3.498363763294401,0.0007050243353662372,3.4858726644756404
19,0.635,3.503934190518636,0.0007275642822582887,3.4913827552615984
19,0.64,3.5095046177428726,0.0007506987795513124,3.496229996394761
19,0.645,3.5150750449671073,0.0007750830816894158,3.501451795103754
19,0.65,3.5206454721913425,0.0007999352815332532,3.506630361415258
19,0.655,3.5262158994155777,0.0008253197590542987,3.511569366035623
19,0.66,3.5317863266398133,0.0008519500203513893,3.516755596758131
19,0.665,3.537356753864049,0.0008793659714606331,3.521934528824076
19,0.67,3.542927181088284,0.0009076930333491476,3.526922278121535
19,0.675,3.5484976083125193,0.0009368132285812318,3.5322574954661716
19,0.68,3.5540680355367558,0.0009667281078359814,3.537195858399116
19,0.685,3.5596384627609905,0.0009977744402509274,3.542177554970725
19,0.6900000000000001,3.5652088899852257,0.001029568587190792,3.5472776145773097
19,0.6950000000000001,3.5707793172094613,0.0010625779598775122,3.551839624220488
19,0.7000000000000001,3.5763497444336974,0.0010973915790047617,3.556432106056892
19,0.705,3.581920171657932,0.0011334417611135138,3.561754180366551
19,0.71,3.5874905988821673,0.0011708063309432762,3.565842694452827
19,0.715,3.593061026106403,0.0012104931791385313,3.5705914584091807
19,0.72,3.598631453330639,0.0012512613479176069,3.57566349428091
19,0.725,3.6042018805548737,0.0012931335394156483,3.5804619171212733
19,0.73,3.6097723077791097,0.0013357838473485025,3.585754658424396
19,0.735,3.6153427350033454,0.0013796276000493232,3.5904193356446195
19,0.74,3.6209131622275805,0.0014248953896366873,3.5947498875383026
19,0.745,3.6264835894518153,0.001472507229111783,3.5996372072365324
19,0.75,3.6320540166760513,0.0015209108005255984,3.6048087638750412
19,0.755,3.637624443900287,0.0015708919671882323,3.6086542718081955
19,0.76,3.6431948711245217,0.0016242773659877713,3.6123818932435023
19,0.765,3.648765298348757,0.0016796439888557507,3.6171553671239263
19,0.77,3.6543357255729925,0.0017358704432692321,3.6221455889123724
19,0.775,3.6599061527972285,0.0017929725084198439,3.6274007204355163
19,0.78,3.6654765800214633,0.0018513737672060384,3.631743603570595
19,0.785,3.6710470072456993,0.0019117146449299034,3.6365924387864057
19,0.79,3.676617434469935,0.001973681297216128,3.6408438522177566
19,0.795,3.68218786169417,0.0020374168241028825,3.645257322885466
19,0.8,3.687758288918405,0.002103380103183445,3.6493082316549583
19,0.805,3.693328716142641,0.002172709271248416,3.6532970385747454
19,0.81,3.6988991433668765,0.002245364667484974,3.657018361652248
19,0.8150000000000001,3.7044695705911117,0.0023205017211520617,3.6619048519659154
19,0.8200000000000001,3.7100399978153464,0.002397354434556736,3.6658321822351505
19,0.8250000000000001,3.715610425039583,0.0024768504493962256,3.670633721554378
19,0.8300000000000001,3.721180852263818,0.0025595499059114673,3.673234546736473
19,0.835,3.7267512794880533,0.0026466903140255154,3.6772225525357682
19,0.84,3.732321706712289,0.002737024998144595,3.6812634473567867
19,0.845,3.7378921339365245,0.0028302550383525514,3.684909303816584
19,0.85,3.7434625611607597,0.002926906804337486,3.6890777440630815
19,0.855,3.749032988384995,0.003025851864796437,3.6932023457849534
19,0.86,3.7546034156092296,0.0031279907717344465,3.69702670147064
19,0.865,3.760173842833466,0.0032328211440130106,3.7010833047625202
19,0.87,3.7657442700577013,0.003340831500544475,3.7044601299653137
19,0.875,3.771314697281936,0.0034531939344688,3.706946605872821
19,0.88,3.7768851245061725,0.0035717878217224504,3.7105114284655896
19,0.885,3.7824555517304077,0.0036938905652130344,3.714057742076354
19,0.89,3.788025978954643,0.003818108389745671,3.7180355772118165
19,0.895,3.7935964061788785,0.003946782498562898,3.7210469144048313
19,0.9,3.7991668334031137,0.004080092632302258,3.72442323736834
19,0.905,3.8047372606273493,0.004217236928697837,3.7274429438809986
19,0.91,3.8103076878515845,0.004359379763162841,3.729002219759464
19,0.915,3.81587811507582,0.0045082605147716975,3.732167684406596
19,0.92,3.8214485423000553,0.00466035590988875,3.7360482999423796
19,0.925,3.827018969524291,0.004817691111361711,3.737808712739339
19,0.93,3.832589396748526,0.004981240952274851,3.7407626114222623
19,0.935,3.8381598239727626,0.00514916495100882,3.743108680126685
19,0.9400000000000001,3.8437302511969973,0.005323562808361895,3.745169752463151
19,0.9450000000000001,3.8493006784212325,0.005502735635799403,3.747741084782293
19,0.9500000000000001,3.8548711056454676,0.005686424935569087,3.751409657902181
19,0.9550000000000001,3.8604415328697033,0.005873417958163674,3.7542120390673706
19,0.96,3.866011960093939,0.006065063290354795,3.7566418638499637
19,0.965,3.871582387318174,0.006261385394592753,3.759590186548731
19,0.97,3.8771528145424092,0.00646208549393431,3.7621141183223576
19,0.975,3.882723241766645,0.006668272009489081,3.764440802499012
19,0.98,3.8882936689908805,0.0068796212797732435,3.766914832644674
19,0.985,3.8938640962151156,0.00709796269605022,3.7685124602189184
19,0.99,3.8994345234393513,0.00732269090965102,3.770893015113867
19,0.995,3.9050049506635864,0.007553317574196859,3.7726741458233266
19,1.0,3.910575377887822,0.007790219695770065,3.77521041276945
41,0.0,2.7964899330407382,0.0,2.7964899330407382
41,0.005,2.8024140659877643,1.8992477487045107e-06,2.8023841386214055
41,0.01,2.8083381989347913,3.85503051042906e-06,2.8082501873374226
41,0.015,2.8142623318818174,5.860829015975469e-06,2.814172314485943
41,0.02,2.8201864648288444,7.866627521521876e-06,2.8200944416344647
41,0.025,2.8261105977758705,9.887227760264067e-06,2.8259882824402527
41,0.03,2.832034730722897,1.197243517221068e-05,2.831840399233041
41,0.035,2.837958863669924,1.4078230326485938e-05,2.8377624263849124
41,0.04,2.8438829966169505,1.6184025480761194e-05,2.843684453536785
41,0.045,2.849807129563977,1.83328555648186e-05,2.8495780643228956
41,0.05,2.855731262511003,2.0484913568216145e-05,2.855500045211919
41,0.055,2.8616553954580297,2.2636971571613687e-05,2.861422026100942
41,0.06,2.8675795284050563,2.4789029575011225e-05,2.8673440069899656
41,0.065,2.8735036613520832,2.6964400286771707e-05,2.873237676189949
41,0.07,2.8794277942991093,2.9140434360975636e-05,2.879159633102901
41,0.075,2.885351927246136,3.131646843517956e-05,2.8850815900158535
41,0.08,2.8912760601931624,3.349250250938348e-05,2.891003546928806
41,0.085,2.8972001931401894,3.568251001338649e-05,2.8968592003421043
41,0.09,2.903124326087216,3.7899797672958804e-05,2.9027526168273527
41,0.095,2.9090484590342425,4.021697098809818e-05,2.9086448906109035
41,0.1,2.914972591981269,4.2538339158927564e-05,2.9145667021897594
41,0.105,2.9208967249282956,4.4859707329756926e-05,2.920488513768615
41,0.11,2.926820857875322,4.7181075500586314e-05,2.9264103253474705
41,0.115,2.932744990822348,4.950244367141568e-05,2.9323321369263264
41,0.12,2.9386691237693747,5.182381184224505e-05,2.938253948505182
41,0.125,2.9445932567164013,5.4145180013074424e-05,2.944175760084038
41,0.13,2.9505173896634282,5.648127177541029e-05,2.9500676262493712
41,0.135,2.9564415226104543,5.883174138878531e-05,2.955989408726784
41,0.14,2.962365655557481,6.118221100216034e-05,2.9619111912041975
41,0.145,2.9682897885045074,6.353268061553535e-05,2.967832973681611
41,0.15,2.974213921451534,6.589249346186989e-05,2.9737260428579946
41,0.155,2.9801380543985605,6.837054488209833e-05,2.9795107224234867
41,0.16,2.986062187345587,7.092287277942524e-05,2.9854323030426158
41,0.165,2.9919863202926136,7.347520067675215e-05,2.9913538836617453
41,0.17,2.99791045323964,7.602752857407905e-05,2.9972754642808743
41,0.17500000000000002,3.003834586186667,7.859342025338266e-05,3.0031674105010366
41,0.18,3.009758719133693,8.128532807267037e-05,3.0090559213508725
41,0.185,3.0156828520807197,8.402388285948836e-05,3.014977315743112
41,0.19,3.0216069850277467,8.676243764630635e-05,3.020898710135352
41,0.195,3.0275311179747733,8.950099243312435e-05,3.0268201045275918
41,0.2,3.0334552509218,9.234476163692308e-05,3.0326524142704474
41,0.20500000000000002,3.039379383868826,9.521043264940092e-05,3.0385736815464615
41,0.21,3.0453035168158524,9.808330298654617e-05,3.0444652915220853
41,0.215,3.051227649762879,0.00010103612147703824,3.0503533577209923
41,0.22,3.057151782709906,0.00010406128963507946,3.0562744654998606
41,0.225,3.063075915656932,0.00010711108624607732,3.0621095139768233
41,0.23,3.0690000486039586,0.0001103417672183423,3.067876532395284
41,0.23500000000000001,3.074924181550985,0.00011394232256368559,3.0736996008930744
41,0.24,3.0808483144980117,0.00011768963677831925,3.079481431508772
41,0.245,3.086772447445038,0.000121649674425993,3.0853112035167145
41,0.25,3.0926965803920647,0.00012567984456763953,3.0912313062935994
41,0.255,3.0986207133390913,0.0001297817082414549,3.097087569371581
41,0.26,3.104544846286118,0.00013396559796476505,3.103007518428884
41,0.265,3.110468979233145,0.00013818292144579755,3.1087845381869896
41,0.27,3.116393112180171,0.00014250543034615112,3.1147043486251156
41,0.275,3.1223172451271974,0.0001468279392465047,3.1206241590632415
41,0.28,3.128241378074224,0.00015115044814685826,3.126543969501368
41,0.28500000000000003,3.1341655110212505,0.0001555701977932331,3.1323675422812913
41,0.29,3.140089643968277,0.00016018690633910589,3.1380903558040174
41,0.295,3.1460137769153036,0.00016497671294807512,3.143980545353041
41,0.3,3.15193790986233,0.00016978098449792013,3.1498622361570137
41,0.305,3.1578620428093562,0.00017465641886576483,3.1556922772824008
41,0.31,3.163786175756383,0.00017958845577869216,3.1616114781925138
41,0.315,3.1697103087034098,0.00018458444147936823,3.167439278092912
41,0.32,3.1756344416504363,0.00018965554683934898,3.1733286705990937
41,0.325,3.1815585745974624,0.00019473873529110282,3.179189863842619
41,0.33,3.1874827075444894,0.00019990989244249072,3.1850457475300242
41,0.335,3.193406840491516,0.0002052193056855031,3.1907983025720625
41,0.34,3.1993309734385424,0.00021071380094875352,3.1966272949943537
41,0.34500000000000003,3.205255106385569,0.00021628695435925332,3.2025458547879695
41,0.35000000000000003,3.2111792393325955,0.00022214347443499723,3.2082011770692507
41,0.355,3.217103372279622,0.00022825542713138564,3.213904833284585
41,0.36,3.2230275052266486,0.00023459030333010015,3.219717279934176
41,0.365,3.228951638173675,0.00024100953141487845,3.225568563114225
41,0.37,3.2348757711207012,0.000247550376451778,3.2314563311083293
41,0.375,3.240799904067728,0.0002541191274594894,3.2373116530527137
41,0.38,3.2467240370147548,0.00026104351604735716,3.2430188262751343
41,0.385,3.2526481699617813,0.0002682368038655113,3.2489357659343425
41,0.39,3.2585723029088074,0.00027545655291239386,3.254781913064818
41,0.395,3.264496435855834,0.000283059967900932,3.260495179635945
41,0.4,3.270420568802861,0.00029102224204107186,3.2662940373946987
41,0.405,3.276344701749887,0.0002990913995021693,3.2721812550544884
41,0.41000000000000003,3.282268834696914,0.0003072890868844407,3.2778956631954497
41,0.41500000000000004,3.28819296764394,0.00031588585349266946,3.283645441979051
41,0.42,3.2941171005909666,0.00032471459497086466,3.2895314887261513
41,0.425,3.3000412335379936,0.0003335518753210636,3.2954467843928272
41,0.43,3.30596536648502,0.00034254504079025353,3.30115800939794
41,0.435,3.3118894994320462,0.000351721506199523,3.3069505812687856
41,0.44,3.3178136323790737,0.00036117671214521395,3.3127895905795377
41,0.445,3.3237377653260993,0.0003712179547469568,3.3182643313004623
41,0.45,3.3296618982731263,0.0003820789708736993,3.3238020580872805
41,0.455,3.3355860312201533,0.0003932337687391701,3.329550479625858
41,0.46,3.341510164167179,0.0004047469609964756,3.335208753558293
41,0.465,3.347434297114206,0.0004166382749613696,3.340936164573449
41,0.47000000000000003,3.3533584300612325,0.00042907020556522184,3.3464920307898667
41,0.47500000000000003,3.359282563008259,0.0004418663707841916,3.3524033675716747
41,0.48,3.365206695955285,0.0004550267268200405,3.357837114566953
41,0.485,3.3711308289023116,0.0004687732217748852,3.3635492659483193
41,0.49,3.3770549618493386,0.00048294377930960036,3.369208635232852
41,0.495,3.382979094796365,0.0004976406538800946,3.374871625086222
41,0.5,3.3889032277433913,0.0005125634409880149,3.3807808352461404
41,0.505,3.394827360690418,0.0005276391412938101,3.3865334634077255
41,0.51,3.4007514936374443,0.0005430063740490296,3.3923455220491427
41,0.515,3.4066756265844713,0.0005587769291246806,3.39799727969511
41,0.52,3.412599759531498,0.0005750175187698333,3.403654579582322
41,0.525,3.418523892478524,0.0005915730379003071,3.4095169557771894
41,0.53,3.4244480254255505,0.0006085770350068052,3.415033726425112
41,0.535,3.430372158372577,0.000626163844076582,3.420723929529755
41,0.54,3.436296291319604,0.0006441020611520509,3.426503123936768
41,0.545,3.442220424266631,0.0006628324530159444,3.431827450093438
41,0.55,3.4481445572136566,0.0006825353327197083,3.437285864644838
41,0.555,3.4540686901606836,0.0007034656700036287,3.4427111042987484
41,0.56,3.4599928231077093,0.0007255932092249861,3.448356490563067
41,0.5650000000000001,3.4659169560547367,0.0007482112684468014,3.454056260423569
41,0.5700000000000001,3.471841089001763,0.0007709482463259195,3.4599576563927155
41,0.5750000000000001,3.4777652219487893,0.0007936852242050376,3.465859052361863
41,0.58,3.4836893548958163,0.0008164306435621691,3.471689492957693
41,0.585,3.489613487842843,0.0008393136908673767,3.4773654911589205
41,0.59,3.495537620789869,0.0008628730844988311,3.482685197281748
41,0.595,3.5014617537368964,0.00088841214353354,3.487829464796401
41,0.6,3.5073858866839225,0.0009146335672406711,3.49358544751282
41,0.605,3.513310019630949,0.0009418116909962117,3.4987412977362577
41,0.61,3.5192341525779747,0.0009698859050804458,3.5040214118452524
41,0.615,3.5251582855250017,0.0009993391386299772,3.509531343943273
41,0.62,3.531082418472028,0.0010295703233902458,3.514988095489436
41,0.625,3.5370065514190543,0.0010607138484450844,3.5204283453329226
41,0.63,3.5429306843660817,0.0010928096628875063,3.525758374281313
41,0.635,3.548854817313108,0.0011260975010784606,3.53115570708155
41,0.64,3.5547789502601344,0.0011608877432551234,3.5359785998938786
41,0.645,3.560703083207161,0.0011967820425873362,3.541561299964732
41,0.65,3.566627216154187,0.0012333928409054354,3.5469981243784887
41,0.655,3.572551349101214,0.001271043047095198,3.5524378624687234
41,0.66,3.5784754820482414,0.0013100888518157302,3.557515902011475
41,0.665,3.584399614995267,0.0013506042724166622,3.56239266267321
41,0.67,3.590323747942294,0.001392162428787939,3.567959461822065
41,0.675,3.5962478808893206,0.001434803183733675,3.5728576490724926
41,0.68,3.6021720138363467,0.0014801132707813528,3.5769767468028673
41,0.685,3.6080961467833736,0.0015275669425153615,3.581904415202339
41,0.6900000000000001,3.6140202797304,0.0015761070072964943,3.5869748845557465
41,0.6950000000000001,3.6199444126774267,0.0016260928362728016,3.592289654516108
41,0.7000000000000001,3.6258685456244524,0.0016783894548230464,3.596639602969981
41,0.705,3.6317926785714794,0.0017328619530044811,3.601577587096604
41,0.71,3.6377168115185063,0.0017888048706524132,3.6063189253020567
41,0.715,3.643640944465532,0.0018471368087507579,3.6114781728369167
41,0.72,3.649565077412559,0.0019074128728590438,3.616249945857411
41,0.725,3.6554892103595855,0.0019695491473934817,3.6209628959598397
41,0.73,3.661413343306612,0.0020335116589060924,3.6257864404140228
41,0.735,3.667337476253638,0.0020994446054084836,3.630571133415532
41,0.74,3.6732616092006647,0.0021673183197727774,3.635979603900049
41,0.745,3.6791857421476917,0.002236757519383551,3.64061436738013
41,0.75,3.685109875094718,0.0023079388848280358,3.6453291571713415
41,0.755,3.6910340080417443,0.002381728523705111,3.6497626167307216
41,0.76,3.6969581409887717,0.0024579914698993088,3.6547614051318407
41,0.765,3.702882273935798,0.002535690083593407,3.6597737276375613
41,0.77,3.7088064068828244,0.002615111345451762,3.6647166417271104
41,0.775,3.714730539829851,0.0026967954799175646,3.6697371255098346
41,0.78,3.720654672776877,0.002780651290303853,3.6739605616401967
41,0.785,3.7265788057239044,0.0028683727595023674,3.6783775455503043
41,0.79,3.73250293867093,0.002959068638430123,3.68193834417231
41,0.795,3.738427071617957,0.003053307046817922,3.6862992187317105
41,0.8,3.744351204564984,0.00315158311265288,3.6901296085550777
41,0.805,3.7502753375120097,0.003253349621631832,3.6942715335241707
41,0.81,3.7561994704590362,0.003357839567730059,3.6985138363424377
41,0.8150000000000001,3.762123603406064,0.003466157544937932,3.702117321030521
41,0.8200000000000001,3.7680477363530898,0.0035774941725211116,3.706913871245725
41,0.8250000000000001,3.773971869300116,0.0036923756215007614,3.710646204395101
41,0.8300000000000001,3.7798960022471424,0.003810383468459391,3.715081437727429
41,0.835,3.7858201351941694,0.003931844094469168,3.7186919246584504
41,0.84,3.791744268141195,0.004056778536814148,3.723312220656303
41,0.845,3.797668401088222,0.004184104888400804,3.727705229297423
41,0.85,3.8035925340352494,0.004314793313654808,3.7316890966998444
41,0.855,3.8095166669822755,0.004449605092235505,3.735057938472305
41,0.86,3.815440799929302,0.004587184811899962,3.739350420579643
41,0.865,3.821364932876329,0.00472798922540665,3.742858145026049
41,0.87,3.8272890658233547,0.004874419726377731,3.7463499258329
41,0.875,3.8332131987703817,0.005025294994037904,3.7498061779465037
41,0.88,3.839137331717409,0.005181515211599181,3.7523921120479296
41,0.885,3.8450614646644348,0.005342843012541692,3.7551582265332994
41,0.89,3.8509855976114618,0.005510067955559208,3.757570514929382
41,0.895,3.8569097305584874,0.00568300388307871,3.7603478744957624
41,0.9,3.862833863505514,0.005860983756432253,3.7634403784002286
41,0.905,3.868757996452541,0.006043893857233096,3.7665495547972707
41,0.91,3.874682129399567,0.006232199184289,3.7694811842564735
41,0.915,3.8806062623465936,0.006425450469184392,3.7728237773878965
41,0.92,3.88653039529362,0.00662496870309266,3.7742105691779506
41,0.925,3.892454528240647,0.0068303095436613535,3.77795539779428
41,0.93,3.8983786611876736,0.007041947750543683,3.7799891231962937
41,0.935,3.9043027941346997,0.007257593540718215,3.7833358187990527
41,0.9400000000000001,3.9102269270817267,0.007478795753301415,3.7854861939873308
41,0.9450000000000001,3.9161510600287524,0.007705899551912432,3.789290062613762
41,0.9500000000000001,3.92207519297578,0.007936658157413042,3.7921697030944386
41,0.9550000000000001,3.927999325922806,0.008173831394615659,3.794853992793338
41,0.96,3.9339234588698324,0.008417283862576818,3.796372844364078
41,0.965,3.9398475918168594,0.008667868948488422,3.7985510512460947
41,0.97,3.945771724763885,0.008925277428076455,3.8007129067918957
41,0.975,3.951695857710912,0.009189498111330683,3.801798217828623
41,0.98,3.9576199906579386,0.009462559241923211,3.8031982690526056
41,0.985,3.963544123604965,0.009743839552334611,3.803687646595379
41,0.99,3.969468256551992,0.010033339443694363,3.8056180386404987
41,0.995,3.9753923894990177,0.010329632460288658,3.8075612686988287
41,1.0,3.9813165224460447,0.010633345223296783,3.809188489930768
73,0.0,2.7964899330407382,0.0,2.7964899330407382
73,0.005,2.8026636411330252,1.969118506793166e-06,2.802605625317021
73,0.01,2.8088373492253123,3.986659037240316e-06,2.8087492059994164
73,0.015,2.815011057317599,6.0582718061923515e-06,2.814920842478935
73,0.02,2.8211847654098863,8.129884575144388e-06,2.8210924789584526
73,0.025,2.8273584735021733,1.0227945601363898e-05,2.8271941580428868
73,0.03,2.83353218159446,1.23516936962842e-05,2.8333657423870786
73,0.035,2.8397058896867473,1.4475441791204505e-05,2.839537326731271
73,0.04,2.8458795977790343,1.6599189886124804e-05,2.8457089110754628
73,0.045,2.8520533058713213,1.8722937981045107e-05,2.851880495419655
73,0.05,2.8582270139636083,2.090502496022964e-05,2.857995376553132
73,0.055,2.8644007220558954,2.3099094102828533e-05,2.8641668905762763
73,0.06,2.8705744301481824,2.531195777456742e-05,2.8703100602561236
73,0.065,2.876748138240469,2.7534722181997496e-05,2.876481545584003
73,0.07,2.882921846332756,2.9757486589427574e-05,2.8826530309118827
73,0.075,2.8890955544250434,3.1980250996857645e-05,2.888824516239762
73,0.08,2.8952692625173304,3.4237116324249655e-05,2.89493813710023
73,0.085,2.9014429706096174,3.657640993004316e-05,2.9011095058989107
73,0.09,2.9076166787019044,3.891570353583665e-05,2.9072808746975918
73,0.095,2.913790386794192,4.125499714163016e-05,2.9134522434962733
73,0.1,2.9199640948864785,4.359429074742366e-05,2.919623612294955
73,0.105,2.9261378029787655,4.5933584353217164e-05,2.9257949810936354
73,0.11,2.9323115110710525,4.827287795901065e-05,2.931966349892317
73,0.115,2.9384852191633395,5.063448777477606e-05,2.9380794544501443
73,0.12,2.944658927255626,5.309464421472512e-05,2.9441844128597676
73,0.125,2.9508326353479135,5.556133271093131e-05,2.950326066780152
73,0.13,2.9570063434402005,5.8087394764705105e-05,2.9564581755159844
73,0.135,2.9631800515324875,6.067234807016212e-05,2.9626292986549663
73,0.14,2.9693537596247745,6.325730137561914e-05,2.968800421793947
73,0.145,2.9755274677170616,6.585698615529691e-05,2.9749419093662697
73,0.15,2.981701175809349,6.850330095243407e-05,2.9810722004759684
73,0.155,2.9878748839016356,7.121818497389904e-05,2.987182625601901
73,0.16,2.9940485919939226,7.414727166760713e-05,2.9932906839153364
73,0.165,3.0002223000862096,7.718686095639715e-05,2.9994324107333736
73,0.17,3.0063960081784966,8.025275037746179e-05,3.0056030529362396
73,0.17500000000000002,3.0125697162707836,8.331863979852643e-05,3.0117736951391056
73,0.18,3.0187434243630706,8.64083366036648e-05,3.0178490218068066
73,0.185,3.024917132455358,8.957047120554489e-05,3.0239613191134636
73,0.19,3.0310908405476447,9.280121029907604e-05,3.030045761793205
73,0.195,3.0372645486399317,9.612685229917406e-05,3.0361532698637377
73,0.2,3.0434382567322187,9.954899859265425e-05,3.042294503534312
73,0.20500000000000002,3.049611964824506,0.00010299451188501553,3.0484351160122407
73,0.21,3.0557856729167927,0.00010649688693560892,3.054514495757516
73,0.215,3.0619593810090797,0.00011007579903278382,3.06062681544178
73,0.22,3.0681330891013667,0.0001136900083225919,3.0667969093247773
73,0.225,3.0743067971936537,0.00011732619842703572,3.0728573804296646
73,0.23,3.0804805052859408,0.00012111447382083862,3.078989662375054
73,0.23500000000000001,3.0866542133782278,0.00012493787401574084,3.0851297370945026
73,0.24,3.092827921470515,0.000128822260371875,3.0911796038063764
73,0.245,3.099001629562802,0.00013298332128362382,3.0972516869438613
73,0.25,3.105175337655089,0.00013737288066913606,3.1033165964019793
73,0.255,3.111349045747376,0.00014191189999782363,3.1094515354364143
73,0.26,3.117522753839663,0.00014647186849650463,3.1156206835602025
73,0.265,3.12369646193195,0.00015103183699518557,3.1217898316839907
73,0.27,3.1298701700242373,0.00015568119679990926,3.1278232433132827
73,0.275,3.1360438781165243,0.0001604095882024558,3.133963825588158
73,0.28,3.142217586208811,0.00016527123045991177,3.1400342744583982
73,0.28500000000000003,3.1483912943010983,0.00017032769008903416,3.146082987306219
73,0.29,3.154565002393385,0.00017580993981944628,3.151952141708674
73,0.295,3.1607387104856715,0.0001815746570790361,3.1581200850837017
73,0.3,3.166912418577959,0.00018733937433862592,3.164288028458729
73,0.305,3.173086126670246,0.0001934130702303082,3.1702521824266676
73,0.31,3.179259834762533,0.00019963727036834461,3.176333301727694
73,0.315,3.18543354285482,0.0002060276113681903,3.182376448391836
73,0.32,3.1916072509471074,0.00021255710572935644,3.188511306165496
73,0.325,3.1977809590393944,0.000219092804039974,3.1946784785594726
73,0.33,3.2039546671316814,0.00022571068739920158,3.200656886692066
73,0.335,3.210128375223968,0.00023264393925989863,3.2067212448323668
73,0.34,3.2163020833162554,0.00023979241498431661,3.212826771951047
73,0.34500000000000003,3.222475791408542,0.00024698950740302105,3.2189242890516887
73,0.35000000000000003,3.228649499500829,0.0002542123141521007,3.2249605586685486
73,0.355,3.234823207593116,0.0002616944632829108,3.231083302296165
73,0.36,3.2409969156854035,0.00026923490169947033,3.2371813041351585
73,0.365,3.24717062377769,0.00027693365644887674,3.2432182557523928
73,0.37,3.253344331869977,0.00028497411726560674,3.249209422709854
73,0.375,3.2595180399622645,0.00029335206797040885,3.255312834080169
73,0.38,3.2656917480545515,0.000301972301818314,3.2612282841232516
73,0.385,3.2718654561468385,0.000311078765985585,3.2672534956910653
73,0.39,3.278039164239125,0.00032043949885870104,3.273258093536615
73,0.395,3.2842128723314126,0.0003299778148749319,3.2793306180870028
73,0.4,3.290386580423699,0.00033979220547946174,3.2853471616383394
73,0.405,3.2965602885159866,0.00035011488729124547,3.2912453968415334
73,0.41000000000000003,3.302733996608274,0.00036067836069205084,3.297315272803689
73,0.41500000000000004,3.30890770470056,0.00037128174439442235,3.3034783775122736
73,0.42,3.3150814127928476,0.00038198569591448174,3.3095137242395576
73,0.425,3.321255120885135,0.0003928285064159717,3.3155759760822607
73,0.43,3.3274288289774216,0.0004040864021810121,3.321498947413516
73,0.435,3.333602537069708,0.0004156870525224076,3.327465953653927
73,0.44,3.3397762451619957,0.00042733649668633003,3.333628012302051
73,0.445,3.3459499532542822,0.00043914471825855445,3.339636492693038
73,0.45,3.3521236613465692,0.00045129462944722045,3.3457596040871365
73,0.455,3.3582973694388567,0.0004638889842529025,3.351591264058272
73,0.46,3.3644710775311433,0.0004770804841764038,3.3576384675896365
73,0.465,3.37064478562343,0.0004904045629571484,3.3637231491266415
73,0.47000000000000003,3.3768184937157173,0.0005042341155304458,3.369562508695865
73,0.47500000000000003,3.3829922018080048,0.0005182723750638253,3.3755204954186206
73,0.48,3.3891659099002913,0.0005326800836166366,3.3815791437513822
73,0.485,3.3953396179925783,0.0005473779622727597,3.3875301470346617
73,0.49,3.4015133260848653,0.0005623577561167185,3.393614714924131
73,0.495,3.407687034177153,0.0005779080737051263,3.3995100612824425
73,0.5,3.41386074226944,0.000593786638896563,3.4055497685626768
73,0.505,3.4200344503617264,0.0006102544928740535,3.411370612392905
73,0.51,3.426208158454014,0.0006271968812737032,3.417397284006688
73,0.515,3.4323818665463013,0.0006449724249156135,3.423073256998873
73,0.52,3.438555574638588,0.0006636344696397428,3.4288468353404706
73,0.525,3.4447292827308744,0.0006829996117520205,3.434812591081063
73,0.53,3.450902990823162,0.0007025224539857009,3.4409667763311167
73,0.535,3.4570766989154493,0.00072233707811145,3.4468501387707686
73,0.54,3.463250407007736,0.0007426032583330526,3.452762388660868
73,0.545,3.469424115100023,0.0007632383824172722,3.458501574885288
73,0.55,3.4755978231923104,0.0007845573309922476,3.4644901887816637
73,0.555,3.481771531284597,0.000806991138889309,3.4698805641749626
73,0.56,3.4879452393768835,0.000830390122690704,3.475776349857154
73,0.5650000000000001,3.494118947469171,0.000854871052045521,3.4811309965664523
73,0.5700000000000001,3.5002926555614584,0.0008808399513874324,3.4867757687415084
73,0.5750000000000001,3.506466363653745,0.000907483456195769,3.492469949003601
73,0.58,3.5126400717460315,0.0009349339973815947,3.4984223908286607
73,0.585,3.518813779838319,0.000963467039323208,3.503990003439564
73,0.59,3.524987487930605,0.0009935491558401262,3.5094780255922684
73,0.595,3.5311611960228926,0.0010246207225137328,3.515095860026165
73,0.6,3.53733490411518,0.0010562695384013932,3.521093465547543
73,0.605,3.5435086122074666,0.0010885242316586955,3.526888884538957
73,0.61,3.549682320299754,0.0011216264091469927,3.5324654697187303
73,0.615,3.5558560283920406,0.0011554806224766362,3.5380923182814303
73,0.62,3.562029736484328,0.0011912177293611458,3.5435320660246687
73,0.625,3.5682034445766155,0.0012276801301930392,3.5492545923938
73,0.63,3.574377152668902,0.0012654971153351362,3.554339937120067
73,0.635,3.580550860761189,0.001305627673943847,3.5597774197354943
73,0.64,3.5867245688534766,0.0013473781289644541,3.564465963769455
73,0.645,3.592898276945763,0.0013918143655291353,3.5692372588845793
73,0.65,3.5990719850380506,0.0014384694231537288,3.574417443305879
73,0.655,3.605245693130337,0.0014864854586012371,3.58040902691469
73,0.66,3.6114194012226246,0.0015353928050386024,3.58557381963239
73,0.665,3.6175931093149107,0.0015865443966009483,3.590725923773796
73,0.67,3.6237668174071977,0.0016391769059746878,3.5961871041124684
73,0.675,3.629940525499485,0.0016927698625145429,3.6018363936714333
73,0.68,3.636114233591772,0.001748408310526284,3.6067524688548875
73,0.685,3.6422879416840597,0.0018059022611527766,3.611488542891659
73,0.6900000000000001,3.6484616497763462,0.0018670114257545798,3.6160924557000262
73,0.6950000000000001,3.6546353578686337,0.0019308599006265584,3.6212694567937143
73,0.7000000000000001,3.6608090659609194,0.0019968305012321805,3.6262767962634594
73,0.705,3.666982774053207,0.0020646366927498305,3.6313281040408647
73,0.71,3.6731564821454943,0.0021344718771066397,3.6365911378042073
73,0.715,3.679330190237781,0.0022060906028336315,3.641516761730971
73,0.72,3.6855038983300683,0.0022800647215233186,3.6464070408045424
73,0.725,3.6916776064223553,0.002357027121731225,3.6509358493102613
73,0.73,3.6978513145146428,0.0024362960066085793,3.6559245337309405
73,0.735,3.70402502260693,0.002517791924106393,3.6612016861067738
73,0.74,3.710198730699216,0.0026008159925482465,3.66622393531104
73,0.745,3.7163724387915034,0.002685945083321334,3.671363264252234
73,0.75,3.722546146883791,0.0027735743201556034,3.6756396073833573
73,0.755,3.7287198549760774,0.0028646750010155085,3.6797851711517864
73,0.76,3.734893563068365,0.002959066345639294,3.684673305563239
73,0.765,3.7410672711606514,0.0030563587231653803,3.6885241173309558
73,0.77,3.7472409792529384,0.0031583475606106804,3.6930792748481416
73,0.775,3.753414687345225,0.0032629876606857585,3.697643439288417
73,0.78,3.7595883954375124,0.003372356926292531,3.7004853031407037
73,0.785,3.7657621035298,0.003485332395023231,3.705457830861848
73,0.79,3.7719358116220865,0.003601781464245811,3.7089085092817906
73,0.795,3.778109519714374,0.003723772174726096,3.713412879821309
73,0.8,3.7842832278066605,0.003848944533192554,3.7175876115551088
73,0.805,3.790456935898948,0.003978190390027276,3.721526151082646
73,0.81,3.796630643991234,0.0041117979657550475,3.7254564769858245
73,0.8150000000000001,3.8028043520835215,0.004250839019339038,3.7284431935391797
73,0.8200000000000001,3.808978060175809,0.004393835339324201,3.732728340427533
73,0.8250000000000001,3.8151517682680955,0.004542813144899704,3.73514476947702
73,0.8300000000000001,3.821325476360383,0.004696992491794694,3.738693642566551
73,0.835,3.8274991844526696,0.004854598849568602,3.7434125268694
73,0.84,3.833672892544956,0.005016604155993321,3.7461761081284246
73,0.845,3.8398466006372436,0.005183773147763596,3.750305996868715
73,0.85,3.84602030872953,0.0053543173025004205,3.7541523340925838
73,0.855,3.8521940168218176,0.005529212731600942,3.757616372079804
73,0.86,3.858367724914105,0.005709009991948375,3.7611390630263952
73,0.865,3.864541433006391,0.0058948048659158234,3.7636328550210267
73,0.87,3.8707151410986786,0.006087130371917214,3.7674496667989015
73,0.875,3.876888849190966,0.006283393261711899,3.770698683867071
73,0.88,3.8830625572832536,0.006484665250513238,3.7741842153434724
73,0.885,3.88923626537554,0.006691508571886604,3.7776270222045394
73,0.89,3.8954099734678267,0.006903334197505204,3.7808731776608386
73,0.895,3.901583681560114,0.007122142935891142,3.782759768947418
73,0.9,3.9077573896524007,0.007349923159236206,3.7837949753772366
73,0.905,3.9139310977446877,0.007584791930831767,3.786800758355327
73,0.91,3.920104805836975,0.007825943875170722,3.7894733985464204
73,0.915,3.926278513929262,0.008072979080991909,3.791582964470681
73,0.92,3.932452222021549,0.008327735086598202,3.794629633390715
73,0.925,3.9386259301138358,0.008587049689419948,3.7976736378031135
73,0.93,3.9447996382061232,0.008855283080205383,3.7978898104535475
73,0.935,3.9509733462984107,0.009131903321079651,3.8009820596296997
73,0.9400000000000001,3.9571470543906972,0.009415214980393069,3.8031708867140996
73,0.9450000000000001,3.963320762482984,0.009705794506273265,3.804209129978917
73,0.9500000000000001,3.969494470575271,0.01000533220769343,3.8052616114972078
73,0.9550000000000001,3.9756681786675583,0.010314100274248372,3.807080493219822
73,0.96,3.981841886759845,0.010632007698236032,3.8080625341654124
73,0.965,3.9880155948521323,0.010958122554676285,3.8106955107866787
73,0.97,3.9941893029444198,0.011293011583795129,3.811169563085206
73,0.975,4.000363011036706,0.011637197854167749,3.8121387831681424
73,0.98,4.006536719128993,0.0119899670314776,3.812619967209606
73,0.985,4.012710427221281,0.012351672930973378,3.813370353261793
73,0.99,4.018884135313567,0.012723277278221153,3.8148567436876495
73,0.995,4.025057843405854,0.013101132370526989,3.8175763962888283
73,1.0,4.031231551498141,0.01348635997477104,3.8176233270853133
